{
  "items": [
    {
      "type": "markdown",
      "name": "intro.md"
    },
    {
      "type": "markdown",
      "name": "mg_dns_parse_record_data.md"
    },
    {
      "type": "markdown",
      "name": "mg_send_dns_query.md"
    },
    {
      "type": "markdown",
      "name": "mg_dns_insert_header.md"
    },
    {
      "type": "markdown",
      "name": "mg_dns_copy_body.md"
    },
    {
      "type": "markdown",
      "name": "mg_dns_encode_record.md"
    },
    {
      "type": "markdown",
      "name": "mg_parse_dns.md"
    },
    {
      "type": "markdown",
      "name": "mg_dns_uncompress_name.md"
    },
    {
      "type": "markdown",
      "name": "mg_set_protocol_dns.md"
    },
    {
      "type": "markdown",
      "name": "struct_mg_dns_resource_record.md"
    },
    {
      "type": "markdown",
      "name": "struct_mg_dns_message.md"
    }
  ]
}
