<?xml version="1.0" encoding="UTF-8"?>
<project-private xmlns="http://www.netbeans.org/ns/project-private/1">
    <editor-bookmarks lastBookmarkId="0" xmlns="http://www.netbeans.org/ns/editor-bookmarks/2"/>
    <open-files xmlns="http://www.netbeans.org/ns/projectui-open-files/2">
        <group>
            <file>file:/home/alex/go/src/cesanta.com/mongoose/examples/PIC32/http_server/firmware/src/app.c</file>
            <file>file:/home/alex/go/src/cesanta.com/mongoose/examples/PIC32/http_server/firmware/src/app.h</file>
        </group>
    </open-files>
</project-private>
