{
  "items": [
    {
      "type": "markdown",
      "name": "intro.md"
    },
    {
      "type": "markdown",
      "name": "mg_set_protocol_mqtt.md"
    },
    {
      "type": "markdown",
      "name": "mg_send_mqtt_handshake.md"
    },
    {
      "type": "markdown",
      "name": "mg_send_mqtt_handshake_opt.md"
    },
    {
      "type": "markdown",
      "name": "mg_mqtt_publish.md"
    },
    {
      "type": "markdown",
      "name": "mg_mqtt_subscribe.md"
    },
    {
      "type": "markdown",
      "name": "mg_mqtt_unsubscribe.md"
    },
    {
      "type": "markdown",
      "name": "mg_mqtt_disconnect.md"
    },
    {
      "type": "markdown",
      "name": "mg_mqtt_connack.md"
    },
    {
      "type": "markdown",
      "name": "mg_mqtt_puback.md"
    },
    {
      "type": "markdown",
      "name": "mg_mqtt_pubrec.md"
    },
    {
      "type": "markdown",
      "name": "mg_mqtt_pubrel.md"
    },
    {
      "type": "markdown",
      "name": "mg_mqtt_pubcomp.md"
    },
    {
      "type": "markdown",
      "name": "mg_mqtt_suback.md"
    },
    {
      "type": "markdown",
      "name": "mg_mqtt_unsuback.md"
    },
    {
      "type": "markdown",
      "name": "mg_mqtt_ping.md"
    },
    {
      "type": "markdown",
      "name": "mg_mqtt_pong.md"
    },
    {
      "type": "markdown",
      "name": "mg_mqtt_next_subscribe_topic.md"
    },
    {
      "type": "markdown",
      "name": "struct_mg_mqtt_topic_expression.md"
    }
  ]
}
