{
  "items": [
    {
      "type": "markdown",
      "name": "intro.md"
    },
    {
      "type": "markdown",
      "name": "mbuf_init.md"
    },
    {
      "type": "markdown",
      "name": "mbuf_free.md"
    },
    {
      "type": "markdown",
      "name": "mbuf_append.md"
    },
    {
      "type": "markdown",
      "name": "mbuf_insert.md"
    },
    {
      "type": "markdown",
      "name": "mbuf_remove.md"
    },
    {
      "type": "markdown",
      "name": "mbuf_resize.md"
    },
    {
      "type": "markdown",
      "name": "mbuf_trim.md"
    },
    {
      "type": "markdown",
      "name": "struct_mbuf.md"
    }
  ]
}
