<?xml version="1.0" encoding="UTF-8"?>
<project-private xmlns="http://www.netbeans.org/ns/project-private/1">
    <editor-bookmarks lastBookmarkId="0" xmlns="http://www.netbeans.org/ns/editor-bookmarks/2"/>
    <open-files xmlns="http://www.netbeans.org/ns/projectui-open-files/2">
        <group>
            <file>file:/home/alex/microchip/harmony/v1_08_01/framework/system/devcon/src/sys_devcon.c</file>
            <file>file:/home/alex/microchip/harmony/v1_08_01/framework/system/debug/src/sys_debug.c</file>
            <file>file:/home/alex/microchip/harmony/v1_08_01/framework/system/devcon/src/sys_devcon_pic32mx.c</file>
            <file>file:/home/alex/CC3100SDK_1.2.0/cc3100-sdk/simplelink/source/spawn.c</file>
            <file>file:/home/alex/microchip/harmony/v1_08_01/framework/system/int/src/sys_int_pic32.c</file>
        </group>
    </open-files>
</project-private>
