{
  "items": [
    {
      "type": "markdown",
      "name": "intro.md"
    },
    {
      "type": "markdown",
      "name": "mg_skip.md"
    },
    {
      "type": "markdown",
      "name": "mg_ncasecmp.md"
    },
    {
      "type": "markdown",
      "name": "mg_casecmp.md"
    },
    {
      "type": "markdown",
      "name": "mg_vcmp.md"
    },
    {
      "type": "markdown",
      "name": "mg_vcasecmp.md"
    },
    {
      "type": "markdown",
      "name": "mg_base64_decode.md"
    },
    {
      "type": "markdown",
      "name": "mg_base64_encode.md"
    },
    {
      "type": "markdown",
      "name": "mg_stat.md"
    },
    {
      "type": "markdown",
      "name": "mg_fopen.md"
    },
    {
      "type": "markdown",
      "name": "mg_open.md"
    },
    {
      "type": "markdown",
      "name": "mg_start_thread.md"
    },
    {
      "type": "markdown",
      "name": "mg_conn_addr_to_str.md"
    },
    {
      "type": "markdown",
      "name": "mg_sock_to_str.md"
    },
    {
      "type": "markdown",
      "name": "mg_sock_addr_to_str.md"
    },
    {
      "type": "markdown",
      "name": "mg_hexdump.md"
    },
    {
      "type": "markdown",
      "name": "mg_hexdump_connection.md"
    },
    {
      "type": "markdown",
      "name": "mg_avprintf.md"
    },
    {
      "type": "markdown",
      "name": "mg_is_big_endian.md"
    },
    {
      "type": "markdown",
      "name": "mg_next_comma_list_entry.md"
    },
    {
      "type": "markdown",
      "name": "mg_match_prefix.md"
    },
    {
      "type": "markdown",
      "name": "mg_mk_str.md"
    },
    {
      "type": "markdown",
      "name": "MG_MK_STR.md"
    }
  ]
}
